;meta[language=ru]
;  id     |key(hex)|key(str)|text
2119453002|00000000||Мне нужна помощь.
2119453006|00000000||Эй, ведьмак! Подойди сюда.
2119453008|00000000||Подойди.
2119453010|00000000||Я отправил своих солдат патрулировать лес к востоку от Урстена.
2119453012|00000000||Уже несколько дней я не получал от них вестей.
2119453014|00000000||Выполнение контрактов – это то, чем вы, ведьмаки, зарабатываете на жизнь. 
2119453029|00000000||Если за него хорошо заплатят.
2119453031|00000000||Почему ты просишь об этом меня?
2119453033|00000000||Хм... Я посмотрю.
2119453035|00000000||Тебя просит Реданская армия.
2119453037|00000000||Этого должно быть достаточно.
2119453039|00000000||Деньги...
2119453041|00000000||Тебе хорошо заплатят, если ты разгадаешь эту тайну.
2119453043|00000000||Не могу представить, чтобы я обратился за помощью к своему начальству из-за того, что потерял своих солдат.
2119453045|00000000||Ты слывёшь не очень разговорчивым, так что...
2119453047|00000000||Если ты найдёшь моих ребят, я тебе заплачу, и все будут довольны!
2119453049|00000000||Это всё, о чём вы, ведьмаки, говорите.
2119453051|00000000||Отлично! Возвращайся ко мне, когда разберёшься со всем этим.
2119453053|00000000||Мне нужна помощь! Сюда!
2119453058|fe0a024d|dlcngcl_name|MOD: Ведьмак прикроет товарища
2119453059|f5ed1dfa|dlcngcl_description|MOD: Ведьмак прикроет товарища: новая история о том, как Геральт попадает в беду и как помощь приходит, откуда не ждали.
2119453060|00000000||Реданский офицер
2119453061|00000000||Ведьмак прикроет товарища
2119453062|00000000||Геральт поговорил с реданским офицером и принял заказ на поиск нескольких пропавших солдат.
2119453063|00000000||Отправиться в лес, где пропали солдаты.
2119453064|00000000||Найти пропавших солдат.
2119453068|00000000||Таинственное исчезновение
2119453069|00000000||В поисках работы Геральт решил проверить доску объявлений в Новиграде.
2119453070|00000000||Геральт увидел контракт, в котором говорилось об исчезновении отряда реданцев. В объявлении говорилось, что реданского офицера, который может рассказать подробнее, можно найти на мосту Храмового острова.<br>
2119453071|00000000||После получения всей необходимой информации Геральт отправился исследовать местность, в которой, скорее всего, и пропали реданские солдаты.<br>
2119453072|00000000||Ведьмак прикроет товарища
2119453073|00000000||Проверить доску объявлений в Новиграде.
2119453074|00000000||Поговорить с реданским офицером в дневное время.
2119453075|00000000||Отправиться в лес, где пропали реданцы.
2119453076|00000000||Использовать ведьмачье чутьё, чтобы найти пропавших солдат.
2119453077|00000000||Завершить квест «Поэт в опале».
2119453078|2f2fd2b0|item_name_ngcl_officer_contract|Возможность поработать на реданскую армию!
2119453079|8119ee36|item_desc_ngcl_officer_contract|Таинственный запрос от реданской армии
2119453080|81a9595c|item_name_ngcl_officer_contract_text|Миссия первостепенной важности в ваших руках.<br>Реданская армия просит вас о помощи.<br>За подробной информацией обращайтесь к реданскому офицеру, ожидающему на пути к Храму Вечного Огня в течение дня.<br>
2119453082|00000000||Я знал, что мы не можем полагаться на ведьмаков.
2119453084|00000000||Эй, ведьмак! Подойди сюда.
2119453086|00000000||Мне нужна помощь! Сюда!
2119453088|00000000||Убирайся!
2119453090|00000000||С меня хватит.
2119453099|00000000||Дождаться наступления дня, чтобы встретиться с реданским офицером.
2119453100|00000000||Пройти по следам реданских солдат.
2119453101|00000000||Изучить трупы.
2119453102|00000000||Убить эльфов.
2119453103|00000000||Геральт нашёл солдат, их трупы лежали в овраге рядом с другими телами. Геральт заметил, что они застыли в странных позах и у всех них была синюшная кожа, что, скорее всего, говорит о смерти ввиду дыхательной недостаточности. Но что её вызвало?<br>
2119453104|00000000||Осмотреть тело беловолосого ведьмака.
2119453105|00000000||Геральт попал в ловушку эльфов, и, будучи отравленным неизвестным ядом, потерял контроль над своим телом. Помощь пришла, откуда не ждали: некий ведьмак в тяжёлой броне поспешил на помощь Геральту.<br>
2119453111|00000000||Чёрт, они мертвы.
2119453116|00000000||Кожа неестественно бледная. Ран нет. Хм...
2119453119|00000000||Реданский солдат. Кажется, задохнулся. Ужасная смерть.
2119453120|00000000||Реданский солдат. Тело странно скручено...
2119453160|00000000||Убить медведя в лесу.
2119453166|00000000||Здесь бродил медведь. Но следы всё ещё чёткие. Ведут в лес.
2119453168|00000000||По крайней мере, им удалось избежать встречи с медведем.
2119453171|d7959801|ngcl_ulvbjorn|Ульвбьорн
2119453174|00000000||Не вижу никаких ран или следов боя.
2119453176|00000000||Трупы выглядят свежими. Свернут калачиком. Кожа неестественно бледная, но нет потери крови.
2119453178|00000000||Что-то определённо произошло прежде, чем они смогли атаковать.
2119453180|00000000||Хмм, может... Они были отравлены? Но как?
2119453182|00000000||*Нюхает* Хм, странный запах.
2119453189|00000000||Скоя'таэли. Что они задумали?
2119453190|00000000||*Кашляет* Чёрт, не могу дышать.
2119453192|00000000||Какой улов, это Vatt'ghern! И всё ещё дышит. Эмилия с удовольствием препарирует его тело.
2119453194|00000000||Я должен помощь этому ведьмаку.
2119453196|00000000||У моего товарища есть шансы?
2119453198|00000000||Я не знаю. Увидим. Чтобы ответить точно, мне нужен главный компонент бомбы.
2119453199|00000000||Найти успокаивающие травы в госпитале.
2119453200|00000000||Найти противоядие для беловолосого ведьмака.
2119453201|00000000||Принести травы медику.
2119453202|d4486f81|item_name_skates|Коньки
2119453203|7e5778bb|item_desc_skates|Специальное устройство для передвижения по льду
2119453206|a4e52630|map_location_ngcl_elven_lab|Долина Синих гор
2119453207|ac300daf|map_description_ngcl_elven_lab|Синие горы – большой горный хребет, отделяющий Северные королевства от Хакланда и Зеррикании. Горы образуют естественную границу между Лирией, Аэдирном и Каэдвеном. Дол Блатанна, Долина Цветов, располагается у самого подножья гор, а река Яруга пролегает среди скалистых вершин.<br>Свободные эльфы сделали эти горы своим пристанищем.
2119453210|d6b6a495|item_name_blue_mushroom|Синий гриб
2119453211|015fa61b|item_desc_blue_mushroom|Странный светящийся гриб
2119453213|00000000||О, вот и вы! Вы будете рады узнать, что ваш беловолосый друг стабилен.
2119453215|00000000||Вот ваши травы. Буду честен: не ожидал, что ради них мне придётся оббежать весь госпиталь.
2119453217|00000000||Пожалуйста, мастер-ведьмак, найдите целебные травы.
2119453219|00000000||Готово.
2119453221|00000000||Вашему другу нужно противоядие, и как можно скорее.
2119453223|00000000||Подождём, пока газ полностью рассеется.
2119453225|00000000||Какие эльфы, даже среди скоя'таэлей, в наши дни экспериментируют с бомбами?
2119453227|00000000||Хм... письмо с инструкциями и кристалл. Подумаю об этом позже.
2119453229|00000000||Ещё один dh'oine. Убить его!
2119453231|00000000||Он едва дышит. Белый мёд не оказал никакого эффекта, но он и не поможет, если это токсический эффект.
2119453233|00000000||Необычный яд, никогда не видел ничего подобного. Он пахнет... какими-то грибами?
2119453235|00000000||Я не могу никуда уйти, мне нужно доставить его в госпиталь в Новиграде.
2119453236|00000000||Обыскать тела эльфов.
2119453237|3b36903b|item_name_ngcl_elf_letter|Инструкции для эксперимента
2119453238|5fa54841|item_desc_ngcl_elf_letter|Письмо, написанное элегантной женской рукой
2119453239|7a825ab1|item_name_ngcl_elf_letter_text|В этот раз испытайте бомбы, созданные с использованием синих грибов.<br>Мне нужно знать среднее время остановки дыхания у здоровых индивидуумов. Труп того, что продержится дольше всех, принесите мне для вскрытия. Как обычно, прилагаю новый кристалл для активации портала к западу от Берега погибших кораблей. <br><br>P.S. Пожалуйста, никаких больше краснолюдских трупов, меня уже тошнит от их бород.
2119453240|50915c58|item_name_ngcl_portal_crystal|Магический кристалл
2119453241|af38a15e|item_desc_ngcl_portal_crystal|Блестящий кристалл без единой царапины
2119453243|00000000||Надо проверить ведьмака. Возможно, он ещё жив.
2119453244|00000000||Исследовать окрестности.
2119453245|00000000||Где я?
2119453247|00000000||Эта замёрзшая река действительно скользкая.
2119453249|00000000||Мне нужно осмотреться.
2119453251|00000000||Где я?
2119453254|00000000||Здесь нет ничего интересного.
2119453256|00000000||Мне нужно идти дальше по этой долине.
2119453257|00000000||Исследовать окрестности.
2119453259|00000000||Эта замёрзшая река действительно скользкая.
2119453261|00000000||Интересные коньки.
2119453263|00000000||И... эти вещи чем-то пахнут.
2119453265|00000000||Этот запах менее интенсивный, но он напоминает мне запах тумана, парализовавшего ведьмака.
2119453267|00000000||Мне нужно идти на запах.
2119453269|00000000||Медвежий запах перекрывает запах грибов.
2119453270|00000000||Идти по запаху грибов.
2119453271|00000000||Найти запах грибов.
2119453272|00000000||Осмотреть вещи эльфов.
2119453274|00000000||Учитывая размеры замёрзшего озера, коньки мне пригодятся.
2119453276|00000000||Учитывая размеры замёрзшего озера, коньки мне пригодятся.
2119453278|00000000||Учитывая размеры замёрзшего озера, коньки мне пригодятся.
2119453280|00000000||Мне больше это не нужно.
2119453282|00000000||Мне больше это не нужно.
2119453284|00000000||Тупик. Но здесь должен быть проход.
2119453286|00000000||Эта стена – иллюзия. Я должен пройти через неё.
2119453287|00000000||Найти проход.
2119453288|00000000||Следовать за запахом грибов.
2119453290|00000000||Отправиться на западное побережье.
2119453292|00000000||Чего ты хочешь?
2119453294|00000000||Мне нужна помощь.
2119453296|00000000||Я отправил своих солдат патрулировать лес к востоку от Урстена.
2119453298|00000000||Уже несколько дней я не получал от них вестей.
2119453300|00000000||Выполнение контрактов – это то, чем вы, ведьмаки, зарабатываете на жизнь. 
2119453302|00000000||Если за него хорошо заплатят.
2119453304|00000000||Почему ты просишь об этом меня?
2119453306|00000000||Извини. Мне это не интересно.
2119453308|00000000||Сначала поговорим об оплате.
2119453310|00000000||Тебя просит Реданская армия.
2119453312|00000000||Этого должно быть достаточно.
2119453314|00000000||Деньги...
2119453316|00000000||Это всё, о чём вы, ведьмаки, говорите.
2119453318|00000000||Тебе хорошо заплатят, если ты разгадаешь эту тайну.
2119453320|00000000||Почему ты просишь об этом меня?
2119453322|00000000||Не могу представить, чтобы я обратился за помощью к своему начальству из-за того, что потерял своих солдат.
2119453324|00000000||Ты слывёшь не очень разговорчивым, так что...
2119453326|00000000||Если ты найдёшь моих ребят, я тебе заплачу, и все будут довольны!
2119453328|00000000||Хммм. Думаю, я проведу расследование...
2119453330|00000000||Отлично! Возвращайся ко мне, когда разберёшься со всем этим.
2119453332|00000000||Мне это не интересно. Прощай.
2119453336|00000000||Учитывая размеры замёрзшего озера, коньки мне пригодятся.
2119453338|00000000||Учитывая размеры замёрзшего озера, коньки мне пригодятся.
2119453340|00000000||Учитывая размеры замёрзшего озера, коньки мне пригодятся.
2119453342|00000000||Мне больше это не нужно.
2119453347|00000000||Не время для прогулок. Мне нужно поторапливаться.
2119453349|00000000||Я не должен туда идти. Я должен добраться до Берега погибших кораблей как можно скорее.
2119453351|00000000||Должно быть, не то направление. Мне нужно добраться до побережья.
2119453353|00000000||Побережье в той стороне? Мне нужно торопиться.
2119453355|00000000||Хм... Кажется, мне нужно идти другим путём.
2119453357|00000000||Убить белого медведя.
2119453359|00000000||Запах исходит отсюда...
2119453362|00000000||Так-так... А вот и причина, почему я столько времени потратила на гравитационную ловушку.
2119453364|00000000||Итак, я в плену.
2119453367|00000000||Оседлать Карася.
2119453369|91cac685|ngcl_cinematic_velen_text|Западный Велен
2119453370|00000000||Карась
2119453372|00000000||Мне предстоит дальняя дорога. Нужно оседлать Карася.
2119453374|00000000||Кажется, я на месте.
2119453376|00000000||Проницательный. Многообещающий...
2119453378|00000000||Кто ты и что тебе нужно?
2119453380|00000000||Кто ты и что тебе нужно?
2119453382|00000000||Освободи меня, длинноухая сволочь!
2119453384|00000000||Кто ты и что тебе нужно?
2119453386|00000000||Освободи меня, длинноухая сволочь!
2119453388|00000000||И вежливый.
2119453390|00000000||Но грубый.
2119453392|00000000||Это не очень интересно, учитывая, что ждёт впереди. Но я отвечу на твои вопросы.
2119453394|00000000||Меня зовут Эмилия.
2119453396|00000000||Великая эльфийская чародейка.
2119453398|00000000||Сбавь тон, ты, ничтожная лабораторная крыса.
2119453400|00000000||Меня зовут Эмилия.
2119453402|00000000||Великая чародейка из Aen Seidhe.
2119453404|00000000||И, может быть, тогда я скажу тебе, что тебя ждёт.
2119453406|00000000||Я была ученицей Францески Финдабаир, нашей Маргаритки из Долин. А сейчас я совершенствуюсь в искусстве алхимии.
2119453408|00000000||Как видишь, я применяю то, что узнала, для разработки вещества, которое позволит эльфам вернуть себе законное место.
2119453410|00000000||После нескольких лет кропотливой работы мне удалось получить особую смесь, смешав раскалённые добела кристаллы фосфора с семенами спорыньи.
2119453412|00000000||Однако она всё ещё не всегда смертельна, и мне нужно больше подопытных для экспериментов.
2119453414|00000000||И в этот момент появляешься ты, vatt'ghern. А ты – настоящая находка.
2119453416|00000000||Насколько я слышала, у ведьмаков особый метаболизм, который, как я думаю, очень пригодится в моих экспериментах.
2119453418|00000000||Мы начнём с малых доз, чтобы выяснить, как твоё тело справляется с ядом. И я найду способ справиться с этим механизмом противодействия.
2119453420|00000000||Я всегда был сторонником эльфов.
2119453422|00000000||Я всегда оставался в стороне от противостояния эльфов.
2119453424|00000000||Я ненавижу эльфов.
2119453426|00000000||Это ошибка, я никогда не вмешивался в борьбу с эльфами.
2119453428|00000000||Если ты не с нами, то ты против нас.
2119453430|00000000||Это ошибка, я всегда поддерживал эльфов.
2119453432|00000000||И я здесь, чтобы помочь другому ведьмаку. Его зовут Геральт из Ривии.
2119453434|00000000||Он был парализован в результате нападения твоих приспешников, и долго не протянет, если я не принесу ингредиенты для противоядия.
2119453436|00000000||Ты говоришь правду. Если ведьмаки будут и дальше нам помогать, это будет полезнее, чем вскрытие на моём столе.
2119453438|00000000||Я отпущу тебя.
2119453440|00000000||Больно это говорить, но мне придётся найти другое тело для моих экспериментов.
2119453442|00000000||Но сначала ты должен подписать это соглашение о неразглашении своей кровью.
2119453444|00000000||Чтобы я была уверена, что ты никогда никому не расскажешь, чем я здесь занимаюсь.
2119453446|00000000||Ты говоришь, что пришёл сюда, чтобы помочь Геральту из Ривии, но он не друг Aen Seidhe.
2119453448|00000000||А друзья моих врагов – мои враги.
2119453450|00000000||Не скучай, я скоро вернусь, чтобы опробовать на тебе новую версию яда.
2119453452|00000000||Я убью тебя!
2119453454|00000000||Бедняжка, острый меч и тупые мускулы не помогут тебе. Эта клетка может сдержать даже медведя.
2119453456|00000000||Ты не связала мне руки.
2119453458|00000000||Ты только что назвал меня эльфийской шлюхой.
2119453460|00000000||Ты не можешь быть другом Aen Seidhe.
2119453462|00000000||Gwynbleidd помог Верноссиэль.
2119453464|00000000||Gwynbleidd помог Иорвету.
2119453466|00000000||Я ненавижу вас всех. И надеюсь, что Дол Блатанна скоро полностью вымрет.
2119453468|00000000||Это не поможет. А за твои грязные слова я отрежу тебе язык.
2119453470|00000000||Она недооценивает ведьмачьи знаки. Аард поможет мне выбить эту дверь.
2119453471|00000000||Использовать портал, чтобы вернуться в Новиград.
2119453472|00000000||Использовать Аард, чтобы выбить дверь клетки.
2119453473|00000000||Найти ингредиенты яда.
2119453474|00000000||Победить голема.
2119453475|00000000||Победить Эмилию.
2119453476|00000000||Обыскать тело Эмилии.
2119453477|00000000||Использовать кристалл для активации портала.
2119453478|00000000||Покинуть лабораторию.
2119453480|00000000||Я не должен туда идти. Мне нужно осмотреть побережье.
2119453482|00000000||Мне нужно вернуться на побережье. Там должны быть какие-нибудь следы.
2119453484|00000000||Очень хорошо, ты подписал договор.
2119453486|00000000||Вот одна доза противоядия. Но она была разработана для эльфа. Не могу обещать, что она сработает для ведьмака.
2119453488|00000000||Я активировала портал рядом с выходом из лаборатории. Используй его.
2119453490|00000000||Ты что тут делаешь, приблуда?!
2119453492|00000000||Без грамоты хода нет!
2119453494|00000000||Какой грамоты?
2119453496|00000000||Выведите его!
2119453502|00000000||Что тебе нужно?
2119453504|00000000||Мне нужна помощь.
2119453506|00000000||Я отправил своих солдат патрулировать лес к востоку от Урстена.
2119453508|00000000||Уже несколько дней я не получал от них вестей.
2119453510|00000000||Выполнение контрактов – это то, чем вы, ведьмаки, зарабатываете на жизнь. 
2119453512|00000000||Если за него хорошо заплатят.
2119453514|00000000||Почему ты просишь об этом меня?
2119453516|00000000||Извини. Мне это не интересно.
2119453518|00000000||Сначала поговорим об оплате.
2119453520|00000000||Тебя просит Реданская армия.
2119453522|00000000||Этого должно быть достаточно.
2119453524|00000000||Деньги...
2119453526|00000000||Это всё, о чём вы, ведьмаки, говорите.
2119453528|00000000||Тебе хорошо заплатят, если ты разгадаешь эту тайну.
2119453530|00000000||Почему ты просишь об этом меня?
2119453532|00000000||Не могу представить, чтобы я обратился за помощью к своему начальству из-за того, что потерял своих солдат.
2119453534|00000000||Ты слывёшь не очень разговорчивым, так что...
2119453536|00000000||Если ты найдёшь моих ребят, я тебе заплачу, и все будут довольны!
2119453538|00000000||Хммм. Думаю, я проведу расследование...
2119453540|00000000||Отлично! Возвращайся ко мне, когда разберёшься со всем этим.
2119453542|00000000||Мне это не интересно. Прощай.
2119453546|00000000||Это ты выписал контракт ведьмаку Геральту из Ривии?
2119453548|00000000||Зависит от того, что ты хочешь от меня.
2119453550|00000000||Я пришёл за наградой.
2119453552|00000000||Что ты имеешь в виду?
2119453554|00000000||Твои солдаты погибли в засаде скоя'таэлей.
2119453556|00000000||Чёртовы эльфы.
2119453558|00000000||Я видел, как эльфы напали на ведьмака.
2119453560|00000000||Он в плохом состоянии, но жить будет.
2119453562|00000000||Я пришёл за наградой, поскольку тебя интересует, что случилось с твоими солдатами, а не кто принесёт тебе информацию.
2119453564|00000000||Ты прав.
2119453566|00000000||[Промолчать.]
2119453568|00000000||Всё дело в скоя'таэлях с Синих гор.
2119453570|00000000||[Промолчать.]
2119453572|00000000||Рассказать, что сделали эльфы (не сдержать слово, данное Эмилии).
2119453574|00000000||Вот твоя награда.
2119453576|00000000||Не так уж много.
2119453578|00000000||Достаточно за расследование, которое мог провести любой горожанин.
2119453580|00000000||Есть ещё кое-что.
2119453582|00000000||Промолчать.
2119453584|00000000||Рассказать, что сделали эльфы.
2119453586|00000000||Промолчать.
2119453588|00000000||Рассказать, что сделали эльфы (нарушить соглашение о неразглашении, подписанное с Эмилией).
2119453590|00000000||Скоя'таэли проводили эксперименты, чтобы разработать мощный нейротоксичный яд.
2119453592|00000000||Я нейтрализовал угрозу.
2119453594|00000000||Эльфийская чародейка, которая проводила эти эксперименты, больше никому не причинит вреда.
2119453596|00000000||Неважно, человек или эльф – все чародейки любят интриги.
2119453598|00000000||Эта ценная информация заслуживает хорошей награды.
2119453600|00000000||Есть ещё кое-что.
2119453602|00000000||Это были скоя'таэли с Синих гор…
2119453604|00000000||Что такое?
2119453606|00000000||[Снова промолчать.]
2119453608|00000000||Всё дело в скоя'таэлях с Синих гор.
2119453610|00000000||[Снова промолчать.]
2119453612|00000000||Всё дело в скоя'таэлях с Синих гор.
2119453614|00000000||Это ты выписал контракт ведьмаку Геральту из Ривии?
2119453616|00000000||Зависит от того, что ты хочешь от меня.
2119453618|00000000||Я пришёл за наградой.
2119453620|00000000||Что ты имеешь в виду?
2119453622|00000000||Твои солдаты погибли в засаде скоя'таэлей.
2119453624|00000000||Чёртовы эльфы.
2119453626|00000000||Я видел, как эльфы напали на ведьмака.
2119453628|00000000||Он в плохом состоянии, но жить будет.
2119453630|00000000||Я пришёл за наградой, поскольку тебя интересует, что случилось с твоими солдатами, а не кто принесёт тебе информацию.
2119453632|00000000||Ты прав.
2119453634|00000000||Промолчать.
2119453636|00000000||Рассказать, что сделали эльфы.
2119453638|00000000||Промолчать.
2119453640|00000000||Рассказать, что сделали эльфы (не сдержать слово, данное Эмилии).
2119453642|00000000||Вот твоя награда.
2119453644|00000000||Не так уж много.
2119453646|00000000||Достаточно за расследование, которое мог провести любой горожанин.
2119453648|00000000||Есть ещё кое-что.
2119453650|00000000||Скоя'таэли проводили эксперименты, чтобы разработать мощный нейротоксичный яд.
2119453652|00000000||Я нейтрализовал угрозу.
2119453654|00000000||Эльфийская чародейка, которая проводила эти эксперименты, больше никому не причинит вреда.
2119453656|00000000||Неважно, человек или эльф – все чародейки любят интриги.
2119453658|00000000||Эта ценная информация заслуживает хорошей награды.
2119453660|00000000||Есть ещё кое-что.
2119453662|00000000||Скоя'таэли проводили эксперименты, чтобы разработать...
2119453664|00000000||Что такое?
2119453666|00000000||Снова промолчать.
2119453668|00000000||Рассказать, что сделали эльфы.
2119453670|00000000||Снова промолчать.
2119453672|00000000||Рассказать, что сделали эльфы (нарушить соглашение о неразглашении, подписанное с Эмилией).
2119453674|00000000||Снова ты.
2119453676|00000000||Полагаю, что ты пришёл за наградой.
2119453678|00000000||Это ты выписал контракт ведьмаку Геральту из Ривии?
2119453680|00000000||Зависит от того, что ты хочешь от меня.
2119453682|00000000||Я пришёл за наградой.
2119453684|00000000||Что ты имеешь в виду?
2119453686|00000000||Твои солдаты погибли в засаде скоя'таэлей.
2119453688|00000000||Чёртовы эльфы.
2119453690|00000000||Я видел, как эльфы напали на ведьмака.
2119453692|00000000||Он в плохом состоянии, но жить будет.
2119453694|00000000||Я пришёл за наградой, поскольку тебя интересует, что случилось с твоими солдатами, а не кто принесёт тебе информацию.
2119453696|00000000||Ты прав.
2119453698|00000000||Промолчать.
2119453700|00000000||Рассказать, что сделали эльфы.
2119453702|00000000||Промолчать.
2119453704|00000000||Рассказать, что сделали эльфы (не сдержать слово, данное Эмилии).
2119453706|00000000||Вот твоя награда.
2119453708|00000000||Не так уж много.
2119453710|00000000||Достаточно за расследование, которое мог провести любой горожанин.
2119453712|00000000||Есть ещё кое-что.
2119453714|00000000||Скоя'таэли проводили эксперименты, чтобы разработать мощный нейротоксичный яд.
2119453716|00000000||Я нейтрализовал угрозу.
2119453718|00000000||Эльфийская чародейка, которая проводила эти эксперименты, больше никому не причинит вреда.
2119453720|00000000||Неважно, человек или эльф – все чародейки любят интриги.
2119453722|00000000||Эта ценная информация заслуживает хорошей награды.
2119453724|00000000||Есть ещё кое-что.
2119453726|00000000||Скоя'таэли проводили эксперименты, чтобы разработать...
2119453728|00000000||Что такое?
2119453730|00000000||Снова промолчать.
2119453732|00000000||Рассказать, что сделали эльфы.
2119453734|00000000||Снова промолчать.
2119453736|00000000||Рассказать, что сделали эльфы (нарушить соглашение о неразглашении, подписанное с Эмилией).
2119453738|00000000||Ты наконец вернулся.
2119453740|00000000||Полагаю, что ты пришёл за наградой.
2119453742|00000000||Возможно.
2119453744|00000000||Нет.
2119453746|00000000||Возможно.
2119453748|00000000||Тогда не рассчитывай на неё
2119453750|00000000||За наградой уже приходил другой ведьмак.
2119453760|00000000||Хорошо, потому что ты ничего не получил бы.
2119453762|00000000||За наградой уже приходил другой ведьмак.
2119453764|00000000||К слову, если тебе интересно, что с ним...
2119453766|00000000||Он буквально загорелся на моих глазах.
2119453768|00000000||Должно быть, он огорчил кого-то, кого не следовало огорчать.
2119453770|00000000||А теперь убирайся с глаз моих.
2119453772|00000000||Он забрал награду и ушёл.
2119453774|00000000||И у меня такое чувство, что в ближайшее время мы больше не увидим его.
2119453776|00000000||Снова эльфы...
2119453778|00000000||Итак... Может, я смогу выяснить, откуда они пришли?
2119453780|00000000||След обрывается здесь. Что теперь?
2119453782|00000000||Вероятно, это сделали скоя'таэля. Бедняга.
2119453784|00000000||Хммм... Какая-то грамота. Я разберусь с этим позже.
2119453785|00000000||Разобраться со скоя'таэлями.
2119453786|00000000||Поискать следы.
2119453793|00000000||Может, мы сможем договориться?
2119453795|00000000||Открой клетку. Сейчас же.
2119453797|00000000||Через несколько мгновений ты умрёшь от моего меча.
2119453800|00000000||У меня есть много оренов. Забери их и отпусти меня.
2119453802|00000000||Слишком поздно торговаться, дурачок. Я всё равно заберу твои деньги.
2119453804|00000000||Открой клетку. Сейчас же.
2119453806|00000000||Ты смешон. Эти маленькие трюки – ничто в сравнении с настоящей магией.
2119453808|00000000||Хорошо.
2119453811|00000000||Оу...
2119453813|00000000||Использовать кристалл, чтобы активировать портал.
2119453814|00000000||Осмотреть побережье.
2119453816|00000000||Ты... смог сбежать?!
2119453818|00000000||Испугалась?
2119453820|00000000||Ха! Нисколько. Ты умрёшь здесь, bloede dh'oine!
2119453822|00000000||И в этот раз ты не сбежишь.
2119453823|111880ec|item_name_ngcl_emilia_dairy|Дневник Эмилии
2119453824|e26030a0|item_name_ngcl_emilia_dairy_text|Комбинация Хватки Кадфана и Крифхау позволяет создать сплав веществ с необходимыми свойствами. Хотя над технологией ещё нужно поработать, поскольку горячий белый фосфор быстро воспламеняется и превращается в красный фосфор, который создаёт нетоксичное соединение.<br>Среднее время остановки дыхания у испытуемых после вдыхания новых токсичной смеси:<br>  человек, мужской пол - 32 секунды<br>  человек, женский пол - 29 секунд<br>  человек, ребёнок - 12 секунд<br>  краснолюд, мужской пол - 49 секунд.<br>Однако единичные экземпляры демонстрируют повышенную сопротивляемость, выражающуюся в снижении частоты дыхания без полной его остановки. Бессознательное состояние может продолжаться до суток, после чего наступает смерть. Этот недостаток необходимо устранить до начала массового производства токсичных бомб.<br><br>Как уважающая себя чародейка, я также подобрала противоядие на случай самоотравления – экстракт Atropa belladonna в китовом жире быстро снимает симптомы. Однако необходимо точно рассчитать дозу экстракта, поскольку его передозировка также токсична.<br>
2119453825|d4b94f72|item_desc_ngcl_emilia_dairy|Элегантный дневник
2119453827|00000000||Мне повезло, что Геральт уважаем среди эльфов.
2119453829|00000000||Последний шанс сдаться.
2119453831|00000000||Её погубила чрезмерная самоуверенность.
2119453833|00000000||Где я?
2119453835|00000000||Мне нужно осмотреться.
2119453837|00000000||Здесь нет ничего интересного.
2119453839|00000000||Мне нужно идти дальше по этой долине.
2119453841|00000000||Эта замёрзшая река действительно скользкая.
2119453843|00000000||Интересные коньки.
2119453845|00000000||И... эти вещи пахнут грибами.
2119453847|00000000||Этот запах менее интенсивный, но он напоминает мне запах тумана, парализовавшего ведьмака.
2119453849|00000000||Мне нужно идти на запах.
2119453851|00000000||Медвежий запах перекрывает запах грибов.
2119453853|00000000||Тупик. Но здесь должен быть проход.
2119453855|00000000||Эта стена – иллюзия. Я должен пройти через неё.
2119453857|00000000||Светящиеся грибы? Кто-то выращивает их здесь.
2119453859|00000000||Она забыла, что у ведьмаков есть знаки. Аард поможет мне выбить эту дверь.
2119453861|00000000||Мне повезло, что Геральт уважаем среди эльфов.
2119453863|00000000||Последний шанс сдаться.
2119453865|00000000||Её погубила чрезмерная самоуверенность.
2119453867|00000000||Не беспокой меня.
2119453869|00000000||Уходи, ведьмак.
2119453871|00000000||Я Эмилия. Чародейка из Aen Seidhe.
2119453873|00000000||Пусть твоя плоть замёрзнет в Синих горах.
2119453875|00000000||Невозможно! Aen Seidhe…
2119453877|00000000||Bloede dh'oine! Мои эльфы доберутся до тебя...
2119453879|00000000||Хахаха! Моя магия разорвёт тебя на части!
2119453881|00000000||Не надейся, ублюдок!
2119453883|00000000||Светящиеся грибы? Кто-то выращивает их здесь.
2119453884|00000000||Вернуться в Новиград.
2119453886|00000000||АAAAAAAA!
2119453887|00000000||Использовать телепорт.
2119453889|00000000||Я...
2119453891|00000000||А это не тот ведьмак, о котором говорил медик?
2119453893|00000000||Отведите его в госпиталь Вильмериуса.
2119453897|00000000||Чёрт. Я забыл про грамоту.
2119453899|00000000||Время возвращаться в Новиград.
2119453901|00000000||Нет времени на прогулки. Мне нужно принести ингредиенты медику.
2119453904|00000000||Я не должен туда идти. Беловолосый ведьмак ждёт.
2119453906|00000000||Разве Новиград в этой стороне? У меня мало времени.
2119453922|00000000||Спокойно.
2119453928|00000000||Давай!
2119453956|00000000||Эй-эй.
2119453998|00000000||Хм... Странно.
2119454018|00000000||У тебя сегодня плохой день.
2119454080|00000000||Покончим с этим.
2119454116|00000000||Погода в самый раз.
2119454160|00000000||Кхе-кхе-кхе.
2119454184|00000000||Проклятая погода.
2119454186|00000000||Скотина!
2119454188|00000000||Гнездо… Надо всё уничтожить.
2119454190|00000000||Что, драться расхотелось?
2119454192|00000000||А-а-а!
2119454194|00000000||Не любишь серебро, да?
2119454196|00000000||Нехорошо.
2119454198|00000000||У тебя сегодня плохой день.
2119454200|00000000||Покончим с этим.
2119454202|00000000||Ты хоть раз с ведьмаком дрался?
2119454204|00000000||Скотина!
2119454206|00000000||Спокойно.
2119454208|00000000||Давай!
2119454210|00000000||Эй-эй.
2119454212|00000000||След… Ведёт сюда.
2119454214|00000000||Хм.. Магия. Это место силы.
2119454216|00000000||Кхе-кхе-кхе.
2119454218|00000000||Хм... Странно.
2119454220|00000000||Интересно.
2119454222|00000000||Ну, посмотрим...
2119454225|00000000||Dol gynvael en'leass dearme!
2119454227|00000000||Отправиться за наградой в дневное время.
2119454228|00000000||Вернуться к реданскому офицеру в дневное время.
2119454230|00000000||…и теперь вы знаете всё. Это если вкратце.
2119454232|00000000||Мне понадобится главный компонент бомбы.
2119454234|00000000||Учитывая, что вы рассказали, это, скорее всего, токсин грибного происхождения.
2119454236|00000000||Но пока мы разговариваем, его состояние ухудшается, ведьмак. Не могли бы вы принести мне несколько лечебных трав для простого антитоксина? А я пока вскипячу воду и осмотрю его.
2119454238|00000000||Их легко можно найти по всему госпиталю.
2119454240|00000000||Что это? Ему станет лучше?
2119454242|00000000||Не уверен. Травы смягчили эффект, но, боюсь, мне придётся прибегнуть к менее консервативной процедуре, чтобы спасти его.
2119454244|00000000||Делайте, что нужно.
2119454246|00000000||Звучит как будто вам что-то стало понятно.
2119454248|00000000||Что это за процедура?
2119454250|00000000||Скажите, что вы поняли?
2119454252|00000000||Универсальное противоядие, которое я только что применил, как и другие меры первой помощи, оказали лишь поверхностный эффект.
2119454254|00000000||Корень зла в том, что наш друг борется с сильным паралитическим ядом, который нарушает передачу нервных импульсов.
2119454256|00000000||Какую процедуру вы предлагаете?
2119454258|00000000||Я проведу интубацию трахеи. Его верхние дыхательные вот-вот закроются из-за спазма голосовых мышц, что приведёт к удушью.
2119454260|00000000||Чтобы предотвратить это, я вскрою его горло и вставлю небольшую трубку, и в случае, если у него будут судороги, воздух всё ещё сможет поступать ему в лёгкие.
2119454262|00000000||Откиньте голову пациента назад, чтобы обнажилась его шея. Это может занять некоторое время…
2119454264|00000000||Готово. Теперь у нас есть время.
2119454266|00000000||Мастер ведьмак, вы сказали мне об эльфах. Мы должны выследить их и выяснить, кто создал ту бомбу.
2119454268|00000000||Согласен. Где бы они ни были, там либо есть противоядие, либо есть что-то, что объяснит, как его сделать.
2119454270|00000000||Но я точно не смогу взять вас с собой. Я пойду, а вы позаботьтесь о моём друге.
2119454274|00000000||До встречи.
2119454276|00000000||Тогда проводите процедуру.
2119454278|00000000||Дайте мне её, скорее!
2119454280|00000000||Хорошо, теперь… растирайте их между ладонями, в течение трех ударов сердца в горячей воде и десяти - возле носа… Хм…
2119454282|00000000||Мне придётся провести опасную процедуру, чтобы выиграть нам время, Ульвбьорн.
2119454284|00000000||Где я?
2119454286|00000000||Мне нужно осмотреть окрестности.
2119454288|00000000||Здесь нет ничего интересного.
2119454290|00000000||Мне нужно идти дальше по этой долине.
2119454292|00000000||Эта замёрзшая река действительно скользкая.
2119454294|00000000||Интересные коньки.
2119454296|00000000||И... эти вещи чем-то пахнут.
2119454298|00000000||Этот запах менее интенсивный, но он напоминает мне запах тумана, парализовавшего ведьмака.
2119454300|00000000||Мне нужно идти на запах.
2119454302|00000000||Медвежий запах перекрывает запах грибов.
2119454304|00000000||Тупик. Но здесь должен быть проход.
2119454306|00000000||This wall is an illusion. I should be able to pass through it.
2119454308|00000000||Запах исходит отсюда...
2119454310|00000000||Светящиеся грибы? Кто-то выращивает их здесь.
2119454312|00000000||Она недооценивает ведьмачьи знаки. Аард поможет мне выбить эту дверь.
2119454314|00000000||Мне повезло, что Геральт уважаем среди эльфов.
2119454316|00000000||Последний шанс сдаться.
2119454318|00000000||Её погубила чрезмерная самоуверенность.
2119454320|00000000||Я собираюсь проведать этого реданского офицера.
2119454322|00000000||В конце концов, я заслужил эту награду.
2119454324|00000000||…и теперь вы знаете всё. Сокращал, как мог.
2119454326|00000000||У моего товарища есть шансы?
2119454328|00000000||Я не знаю. Увидим. Чтобы ответить точно, мне нужен главный компонент бомбы.
2119454330|00000000||Учитывая, что вы рассказали, это, скорее всего, токсин грибного происхождения.
2119454332|00000000||Но пока мы разговариваем, его состояние ухудшается, ведьмак. Не могли бы вы быстро принести мне несколько лечебных трав для простого антитоксина? Я вскипячу немного воды и осмотрю его.
2119454334|00000000||Их легко можно найти по всему госпиталю.
2119454336|00000000||Кажется, вы достаточно поправились.
2119454338|00000000||Если захотите найти ведьмака, который вас спас, то, как я понял, он отправился к реданскому офицеру, что дал вам заказ.
2119454340|00000000||Спасибо.
2119454341|00000000||Ульвбьорн
2119454342|00000000||Ульвбьорн, ведьмак из Школы Медведя, вызволил Геральта из передряги и отправился за помощью в Новиград.<br>
2119454343|00000000||Ему удалось заключить договор с пленившей его эльфийской чародейкой и получить от неё необходимый для противоядия ингредиент.<br>
2119454344|00000000||Ему удалось сбежать и убить пленившую его эльфийскую чародейку, а также найти необходимый для противоядия ингредиент.<br>
2119454345|00000000||Но глупец не стал соблюдать договор, заключённый с эльфийской чародейкой, и как только начал рассказывать о её планах, мгновенно загорелся на глазах у ошеломлённого реданского офицера.<br>
2119454346|00000000||Ульвбьорн лишь частично рассказал, что произошло.<br>Он забрал скудную награду, предложенную реданским офицером, и больше никогда не объявлялся.<br>
2119454347|00000000||Ульвбьорн рассказал о планах эльфийской чародейки Реданскому офицеру и был щедро за это вознаграждён.<br>Затем он ушёл и больше никогда не возвращался.<br>
2119454348|00000000||Эмилия
2119454349|00000000||Что ты сделала?<br>Я скрепила наше соглашение.
2119454350|00000000||Сначала он нашёл ингредиенты, необходимые для временной стабилизации состояния Геральта. Когда он продолжил расследование, то оказался в ловушке в эльфийской лаборатории.
2119454351|00000000||Ульвбьорн отправился за наградой от реданского офицера, который выдал Геральту контракт.
2119454353|00000000||Что ты сделала?
2119454355|00000000||Я скрепила наше соглашение. Не пытайся рассказать кому-либо, что ты здесь узнал.
2119454357|00000000||Очень хорошо, ты подписал соглашение.
2119454359|00000000||Как вы можете видеть, налицо повторяющиеся спазмы по всему телу. Его голосовые мышцы также сокращаются, поэтому придётся провести ему трахеостомию.
2119454361|00000000||В конце концов, у мышц тела не останется ресурсов, чтобы продолжать это, и они перестанут работать. Это касается и дыхательных мышц, таких как диафрагма и межрёберные мышцы.
2119454364|00000000||Что смертельно, даже для ведьмака.
2119454366|00000000||Почему вы говорите, что это опасно?
2119454368|00000000||Ну, во время разреза я могу повредить сосуды щитовидной железы, и он истечёт кровью. Или повредить возвратный нерв, и тогда он потеряет голос.
2119454370|00000000||Но, как говорил мой учитель фон Гратц, лучше быть немым, чем мёртвым.
2119454374|00000000||Твоё тело останется здесь навеки!
2119454375|00000000||Не могу дождаться, когда я смогу вскрыть твоё тело!
2119454376|00000000||Сдохни, ведьмак!
2119454377|00000000||Я использую твои останки в своих экспериментах!
2119454378|00000000||Я убью тебя, vatt'ghern!
2119454380|00000000||И ещё кое-что, пока ты не ушёл. Ты же знаешь, кто этот ведьмак?
2119454382|00000000||Конечно. Геральт из Ривии.
2119454384|00000000||Не знаю.
2119454386|00000000||Конечно. Это Геральт из Ривии.
2119454388|00000000||Хотя я из Школы Медведя, известный Белый Волк мне не чужой.
2119454390|00000000||Очень хорошо. Мне было любопытно, знаешь ли ты.
2119454392|00000000||Точно нет. Я полагаю, кто-то из Школы Волка?
2119454394|00000000||Это Геральт из Ривии, знаменитый Белый Волк.
2119454396|00000000||Может быть, он и знаменит, но не среди Школы Медведя.
2119454398|00000000||Однако я сделаю всё возможное, чтобы найти для него противоядие.
2119454399|6db5178b|item_desc_medic_herbs|Особые релаксирующие травы
2119454400|67cd6c85|item_name_medic_herbs|Кураре
2119454406|00000000||…и теперь вы знаете всё. Сокращал, как мог.
2119454408|00000000||У моего товарища есть шансы?
2119454410|00000000||Я не знаю. Увидим. Чтобы ответить точно, мне нужен главный компонент бомбы.
2119454412|00000000||Учитывая, что вы рассказали, это, скорее всего, токсин грибного происхождения.
2119454414|00000000||Но пока мы разговариваем, его состояние ухудшается, ведьмак. Не могли бы вы быстро принести мне несколько лечебных трав для простого антитоксина? Я вскипячу немного воды и осмотрю его.
2119454416|00000000||Их легко можно найти по всему госпиталю.
2119454418|00000000||Хорошо.
2119454420|00000000||Я рад тебя снова видеть, ведьмак. Надеюсь, ты узнал что-то новое? Организм Геральта на исходе…
2119454422|00000000||Да, я узнал кое-что. Но поклялся не говорить об этом. Вот одна доза антидота. Но она рассчитана на эльфа.
2119454424|00000000||Эльфы? И ты дал клятву? Как любопытно, ведьмак, я даже жалею, что не пошёл с тобой.
2119454426|00000000||Но довольно разговоров, я должен доработать противоядие, чтобы оно подошло ведьмаку.
2119454428|00000000||Да, это всё затеяли скоя'таэли. Ими руководила чародейка Эмилия, которая создавала смертельный яд из грибов.
2119454430|00000000||Я не уверен, что это правда, ведьмак. У тебя есть что-то в подтверждение твоей теории?
2119454432|00000000||Да, образец грибов, которые она выращивала в пещере, и её заметки.
2119454434|00000000||Хм... Почерк эльфийский, без сомнения.. Не думал, что они могут пойти на такое.
2119454436|00000000||Ты явно плохо знаешь скоя'таэлей.
2119454438|00000000||Довольно болтать, я должен сосредоточиться и синтезировать противоядие на основе образца.
2119454440|00000000||Мне нужны время и тишина, Ульвбьорн.
2119454442|00000000||Уже исчезаю.
2119454444|00000000||Антидот сработал! Мышечный тонус пришёл в норму. На короткое время он даже пришёл в сознание. Сейчас он просто спит.
2119454446|00000000||Впечатляющий результат. Это неизвестный яд. Как ты рассчитал пропорции?
2119454448|00000000||Сделал несколько сложных вычислений... Экстраполировал кое-какие данные... Провёл симуляцию процесса...
2119454450|00000000||Словом, все наугад?
2119454452|00000000||Угу. Кстати, он поблагодарил тебя за спасение и сказал, что награда за заказ теперь твоя.
2119454454|00000000||Сходи к реданскому офицеру на Храмовом острове.
2119454456|00000000||Так и сделаю. Если мы больше не встретимся, передай ему удачи на Пути. И спасибо тебе за помощь.
2119454463|00000000||Я не должен туда идти. Я должен разобраться с эльфами.
2119454465|00000000||Нет времени. Я должен проверить ведьмака. Возможно, он всё ещё жив.
2119454467|00000000||После потери создания в результате нападения эльфов Геральт был спасён ведьмаком из Школы Медведя.<br>После того, как предоставил новиградскому лекарю ингредиенты, необходимые для стабилизации состояния Геральта, ведьмак, назвавшийся Ульвбьорном, отправился выслеживать эльфов в надежде найти противоядие.<br>
2119454468|00000000||Наконец он нашёл портал, который привёл его в Синие горы, где ведьмак попал в плен к эльфийской чародейке.<br>Она проводила эксперименты, чтобы разработать оружие для скоя'таэлей.<br>
2119454469|00000000||Ульвбьорн заключил договор с чародейкой и получил от неё дозу противоядия, которую сразу же доставил лекарю в госпиталь в Новиграде.<br>
2119454470|00000000||Ульвбьорн смог сбежать, а затем одолел чародейку в бою.<br>Обыскав лабораторию, он отыскал главный ингредиент, необходимый для противоядия, который отнёс лекарю в Новиград.<br>
2119454471|00000000||Ведьмак чувствовал, что заслужил награду, положенную по контракту, и отправился к реданскому офицеру, пообещавшему её.<br>Но он не стал исполнять договор, заключённый с чародейкой. Как только он собрался раскрыть замыслы эльфов, он мгновенно загорелся и умер.<br>
2119454472|00000000||Ведьмак чувствовал, что заслужил награду, положенную по контракту, и отправился к реданскому офицеру, пообещавшему её.<br>После получения награды он ушёл, и больше его никто не видел.<br>
2119454475|00000000||У меня есть противоядие, но я не могу рассказать, откуда.
2119454477|00000000||Всё из-за скоя'таэлей с Синих гор.
2119454479|00000000||Бывай.
2119454481|00000000||Ведьмак?..
2119454483|00000000||Мне нужно увидеться с реданским офицером на Храмовом острове.
2119454485|00000000||Я не должен туда идти. Мне нужно увидеться с реданским офицером на Храмовом острове.
2119454487|00000000||И берегись стражи. Я полагаю, у тебя нет пропуска. Ты можешь попасть в неприятности.
2119454489|00000000||Снег, горы, эльфы… Кажется, это Синие горы.
2119454491|00000000||Снег, горы, эльфы… Кажется, это Синие горы.
2119454493|00000000||Снег, горы, эльфы… Кажется, это Синие горы.
2119454495|00000000||Какого чёрта происходит?
2119454496|00000000||Поговорить с медиком.
2119454497|00000000||Ульвбьорн
2119454498|00000000||Ульвбьорн, ведьмак из Школы Медведя, вызволил Геральта из передряги и отправился за помощью в Новиград.<br>
2119454499|00000000||Ему удалось заключить договор с пленившей его эльфийской чародейкой и получить от неё необходимый для противоядия ингредиент.<br>
2119454500|00000000||Ему удалось сбежать и убить пленившую его эльфийскую чародейку, а также найти необходимый для противоядия ингредиент.<br>
2119454501|00000000||Но глупец не стал соблюдать договор, заключённый с эльфийской чародейкой, и как только начал рассказывать о её планах, мгновенно загорелся на глазах у ошеломлённого реданского офицера.<br>
2119454502|00000000||Ульвбьорн лишь частично рассказал, что произошло.<br>Он забрал скудную награду, предложенную реданским офицером, и больше никогда не объявлялся.<br>
2119454503|00000000||Ульвбьорн рассказал о планах эльфийской чародейки Реданскому офицеру и был щедро за это вознаграждён.<br>Затем он ушёл и больше никогда не возвращался.<br>
2119454504|00000000||Сначала он нашёл ингредиенты, необходимые для временной стабилизации состояния Геральта. Когда он продолжил расследование, то оказался в ловушке в эльфийской лаборатории.
2119454505|00000000||Ульвбьорн отправился за наградой от реданского офицера, который выдал Геральту контракт.
2119454507|00000000||Будьте здоровы!
2119454509|00000000||Да?
2119454511|00000000||Ого, ведьмак. Тут для нас найдется работа...
2119454513|00000000||Ты кроишь, мы сшиваем.
2119454515|00000000||Поздравляю с победой на турнире, ведьмак.
2119454517|00000000||Осторожно!
2119454519|00000000||Ну как же так...
2119454521|00000000||Здравствуй. Тебе нужно что-нибудь вырезать?
2119454523|00000000||Иногда тело исцеляется самостоятельно. Тебе просто нужно дать ему время.
2119454525|00000000||Надеюсь, тебе не понадобятся швы. Я не спал две ночи…
2119454527|00000000||Мы связываем буйных пациентов!
2119454529|00000000||Ты, что, меня не видишь? У тебя же кошачьи глаза!
2119454531|00000000||Светящаяся радужка, необычный зрачок, два меча… Диагноз: ведьмак.
2119454532|81c17209|ngcl_skating_tutorial_text|Добро пожаловать в туториал по Конькам!<br>Нажмите <font color="#330099">[W]</font> или <font color="#003300">[Forward]</font>: Движение<br>Нажмите <font color="#330099">[Left Mouse Button]</font> или <font color="#003300">[SQUARE]</font>: Атака<br>Удерживайте <font color="#330099">[Shift]</font> или <font color="#003300">[CROSS]</font> в движении: Спринт<br>Удерживайте <font color="#330099">[Control + W]</font> или <font color="#003300">[TRIANGLE + Forward]</font>: Скольжение<br>Удерживайте <font color="#330099">[Control + A/D]</font> или <font color="#003300">[TRIANGLE + Left/Right]</font>: Дрифт<br>Удерживайте <font color="#330099">[Control + S]</font> или <font color="#003300">[TRIANGLE + Back]</font>: Остановиться<br>Нажмите <font color="#330099">[Alt]</font> или <font color="#003300">[RightTrigger]</font>: Ускориться<br>Нажмите <font color="#330099">[E]</font> или <font color="#003300">[CROSS]</font>: Перезагрузка катания<br>
2119454272|00000000||Я ожидал, что вы так скажете. В любом случае, это была лишь мимолетная мысль. До свидания, ведьмак. Надеюсь, что увижу вас снова.
